,Frutas,Precio Frutas,Verdura,Precio Verduras,Lacteos,Precio Lacteos,Carne,Precio Carnes,Enlatados ,Precio Enlatados
0,Limón Sin Semilla Por Kg,26.9,Alcachofa Microwave 59G,144.9,Leche Alpura Clásica Pasteurizada 1L,20.4,Pierna De Cerdo Fresca Con Hueso Por Kg,75.9,Chiles Habaneros Salsas Doña Jose En Escabeche 300G.,95.0
1,Plátano Chiapas Por Kg,22.9,Esparrago Verde 454G,78.5,Frutal Fresa Alpura 250Ml,7.5,Chuleta De Cerdo Ahumada Kg,75.9,Rajas Rojas La Morena  210G,11.5
2,Naranja Arpilla5Kg,57.5,Tomate Uva Cherubs Naturesweet 283G,37.9,Frutal Durazno Alpura 250Ml,7.5,Bistec Pulpa Blanca De Res Kg,139.0,Rajas Verdes La Morena  2800G,99.8
3,Limón Eureka 1Kg,57.9,Cebolla Perla Roja 10 283.4G,57.0,Frutal Piña-Coco Alpura 250Ml,7.5,Medallón De Pechuga De Pollo The Farm Food Kg,109.0,Chiles Clemente Jacques Chipotles Dulces Molidos 220G,15.5
4,Naranja De Jugo Por Kg,14.9,Cebolla Perla Blanca 283.4G,57.0,Yoghurt Alpura Batido Fresa 125G,5.1,Mariscada De Neptuno 500G,149.0,Chile Chipotle Lucero 270 Gr Escabeche,25.5
5,Toronja Por Kg,15.9,Cebolla Perla Dorada 283.4G,57.0,Yoghurt Alpura Batido Durazno 125G,5.1,T-Bone Res Sonora Rancho El 17 Por Kg,339.0,Chile Chipotle Lucero Adobo 520G,41.5
6,Limón Colima Por Kg,31.0,Tomate Cherry Glorys Naturesweet 283G,37.9,Yoghurt Alpura Batido Mango 125G,5.1,Tira De Res Diezmillo Asado Sonora Rancho Por Kg,284.0,Chilitos Gueritos La Norteña Pouch 230G,21.0
7,Mandarina Por Kg,32.9,Jitomate Hidrocool Cherry 380G,32.9,Yoghurt Alpura Batido Manzana 125G,5.1,Bistec De Res Sonora Rancho El 17 Por Kg,229.0,Chiles Serranos La Costeña Enteros En Escabeche 800G,36.9
8,Limade Chiche Por Kg,41.0,Cebolla Amarillapor Kg,29.9,Yoghurt Alpura Batido Zarzamora 125G,5.1,Camarón Cocido Pacotilla Premium 450G,199.0,Rajas San Marcos Verdes 120G,6.5
9,Naranja Paramount 1Kg,58.5,Tomate Verde Por Kg,22.9,Yoghurt Alpura Batido Natural 125G,5.1,Filete De Pescado Tilapia 600G,129.0,Chipotles San Marcos Adobados Enteros 120G,9.4
10,Mandarina Chumis Chica Bolsa 674 G,53.9,Cebollínpieza,9.0,Yoghurt Alpura Batido Guayaba 125G,5.1,Filete De Pescado Basa Neptuno 600G,129.0,Chiles El Mexicano Jalapeños En Nachos 380G,17.0
11,Pera Forelle Kg,134.7,Cebolla De Cambray Por Pieza,9.9,Leche Uht Lala Yomi Fresa Slim 190 Ml,5.5,Filete De Salmón Neptuno 140G,99.9,Chiles El Mexicano Jalapeños En Rajas 800G,32.0
12,Cereza Domo 250G,74.9,Cebolla De Rabo Por Kg,32.0,Leche Uht Lala Yomi Vainilla 1L,23.5,Filete De Pescado Marinado En Salsa De Cilantro 600G,147.0,Chiles El Mexicano Jalapeños En Rajas 340G,18.0
13,Kiwi Zespri Sungold 3 Piezas,63.5,Tomatillo Por Kg,48.0,Leche Uht Lala Yomi Vainilla Slim 190 Ml,5.5,Filete Empanizado Neptuno 600G,129.0,Chiles El Mexicano Jalapeños En Rajas 220G,12.0
14,Pera Mantequilla Por Kg,49.9,Aguacate Hass Enmallado Pz,26.9,Leche Uht Lala Yomi Choco 1L,23.5,Surimi En Barritas Neptuno 500G,79.0,Chiles Güeros Lol Tun Carricillos 350 Gr,15.0
15,Durazno Rojo Por Kg,69.9,Cebolla Morada Por Kg,32.9,Leche Uht Lala Yomi Chocolate Slim 190 Ml,5.5,Filete Preformado Manitas Por Kg,99.9,Chiles El Mexicano Jalapeños Enteros 780G,29.0
16,Ciruela 1Kg,79.9,Aguacate Chiapas Por Kg,39.9,Leche Uht Lala Yomi Fresa 1L,23.5,Filete Empanizado Grande Por Kg,205.0,Chiles El Mexicano Jalapeños Enteros 340G,16.0
17,Nectarina Por Kg,64.9,Tomate Bolapor Kg,19.9,Café Con Lala Uht Deslactosado Slim 1L,27.0,Pescadin Por Kg,99.9,Chiles El Mexicano Chipotle Adobado 380G,30.0
18,Pera Bosc Por Kg,54.9,Papa Cambray Por Kg,32.9,Café Con Lala Uht Deslactosada 330G,15.5,Estrellita De Pescado Por Kg,99.9,Chiles El Mexicano Chipotle Adobado 215G,18.0
19,Pera Asiática Por Kg,69.9,Aguacate Hass Por Kg,39.9,Leche Uht Lala Yomi Chocolate 3 Pack Slim 190 Ml,18.9,Rib Eye Res Sonora Rancho El 17 Por Kg,579.0,Chiles Nachos Jalapeños La Costeña Rodajas 380G,19.5
20,Kiwipor Kg,69.9,Tomates Constellation Naturesweet 467G,69.9,Leche Uht Lala Deslactosada Semi 6 Pack De 1L,115.0,Sirloin Res Sonora Rancho El 17 Por Kg,309.0,Chiles Jalapeños La Costeña Picados 220G,12.8
21,Durazno Amarillo Por Kg,75.0,Tomate Saladet Por Kg,12.9,Leche Uht Lala Deslactosada Baja En Grasa 6 Pack De 1L,114.0,New York Res Sonora Rancho El 17Por Kg,524.0,Jalapeños Nachos La Morena  210G,8.9
22,Pera Roja Kg,64.9,Cebolla Blanca Por Kg,13.5,Leche Uht Lala Baja En Grasa 6 Pack De 1L,114.0,Filete De Pescado Marinados En Salsa De Mezquite 600G,147.0,Chiles Nachos Jalapeños La Costeña Rodajas 800G,31.5
23,Pera Bartlett 1Kg,52.9,Papa Blanca  Por Kg,36.9,Leche Uht Lala 100 Cacao Deslactosado 330Ml,16.3,New York Choice Res Por Kg,499.0,Chiles Nachos Jalapeños La Costeña Rodajas 220G,11.5
24,Ciruela Moscatel Kg,54.0,Coliflor Naranja 750G,99.0,Leche Uht Lala 100 Sin Lactosa Fresa 330Ml,16.3,Rib Eye Choice Res Kg,679.0,Chiles Jalapeños La Costeña Picados 380G,23.9
25,Manzana Jonagoldpor Kg,62.9,Santa Maríapieza,8.82,Leche Lala 100 Semidescremada 1L,25.45,Huevo San Juan Blanco 30 Piezas,67.0,Rajas San Marcos Verdes 380G,15.0
26,Manzana Beaburn Por Kg,67.9,Pakchoypor Kg,55.5,Leche Uht Lala 100 Sin Lactosa Vainilla 330Ml,16.3,Molida De Res Por Kg,95.0,Chiles Clemente Jacques Jalapeños Rajas 380G,10.0
27,Manzana Royal Gala 1Kg,39.9,Chalot Granel Kg,141.0,Alimento Líquido Lala Vita 3Nueces 960Ml,36.3,Milanesa De Pollo Kg,154.0,Chiles Jalapeños La Costeña En Rajas 800G,26.5
28,Manzana Royal Gala Por Kg,49.9,Bouquet Hierbas Finas Frescas Tiempo De Cosecha 50G,22.9,Leche Lala 100 Sin Lactosa 1L,25.0,Pechuga De Pollo Sin Hueso Por Kg,129.0,Chiles Jalapeños La Costeña En Rajas 105G,6.9
29,Manzana Granny Smithpor Kg,49.9,Alfalfa Fresca Tiempo De Cosecha 50G,22.9,Alimento Líquido Lala Vita Amarant 960Ml,36.3,Filete De Salmón Pacifico Por Kg,349.0,Chiles La Costeña Rajas Rojas De Jalapeño 220G,12.0
30,Manzana Golden Medianapor Kg,39.9,Estragón Fresco Tiempo De Cosecha 50G,22.9,Leche Uht Lala Deslactosada Baja En Grasa 1.5L,30.3,Huevo Bachoco Blanco 30 Piezas,70.0,Rajas Verdes La Morena 265G,13.55
31,Manzana Roja Medianapor Kg,36.9,Bouquet Garni Frescas Tiempo De Cosecha 50G,22.9,Alimento Líquido Lala Vita Uht Proteína 330Ml,21.5,Molida Selecta De Res Kg,146.0,Chiles Jalapeños La Costeña En Rajas 340G,15.0
32,Manzana Golden Chica Bolsa Por Kg,34.9,Bouquet Provence Fresco Tiempo De Cosecha 50G,22.9,Leche Uht Lala Semi Deslactosada  1.5L,30.5,Filete De Tilapia Por Kg,114.0,Rajas Verdes La Morena  380G,18.9
33,Manzana Roja Chica Bolsa Por Kg,34.9,Árnica Infusiónate 40G,19.9,Leche Uht Lala Orgánica Entera 1L,29.5,Pechuga De Pollo Congelada Sin Hueso Por Kg,79.9,Chiles Clemente Jacques Jalapeños Rajas 220G,6.85
34,Manzana Chumis Golden Bolsa 552 G,31.9,Chícharo Fresh Garden Chino 365G,45.9,Leche Lala 100 Sin Lactosa 1L,24.9,Molida Fina De Res 95/5 Kg,172.0,Rajas San Marcos Verdes 255G,10.8
35,Manzana Chumis Granny Bolsa 552 G,31.9,Menta Infusiónate 45G,19.9,Alimento Líquido Lala Vita Almendra 960Ml,36.3,Milanesa Pulpa Negra De Res Kg,189.0,Chiles Jalapeños La Costeña En Rajas 240G,11.85
36,Manzana Puré Harvest Golden 600G,18.9,Coliflor Verde 750G,99.0,Alimento Líquido Lala Vita Coco 960 Ml,36.3,Milanesa Bola De Res Kg,184.0,Chiles Serranos La Costeña Enteros En Escabeche 220G,11.5
37,Manzana Chumis Gala Bolsa 613 G,29.9,Gordolobopieza,8.82,Leche Lala Orgánica Deslactosada Uht 1L,30.0,Milanesa De Cerdo Kg,96.0,Chiles Clemente Jacques Habaneros Rodajas Gourmet 220G,25.0
38,Uva Sweet Carnival Clam 454G,53.0,Boldo Infusiónate 60G,26.9,Alimento Líquido Lala Vita Arroz 960Ml,36.3,Huevos Blancos Chedraui 30 Piezas,62.5,Chiles Serranos La Costeña Toreados En Rodajas 220G,14.9
39,Uva Negra Sin Semilla 1Kg,89.9,Té De Limón Manojo Por Pieza,5.2,Alimento Liquido Lala Vita Uht Chocolate 330Ml,16.0,Pechuga Corte Americano De Pollo Kg,70.0,Zanahoria La Costeña En Escabeche 230G,9.2
40,Blue Berry Pieza,42.9,Ruda Pieza,4.4,Leche Lala 100 Reducida En Grasa 1L,26.25,Huevo Blanco El Calvario 30 Piezas,67.0,Chiles Clemente Jacques Habaneros Molidos 220G,21.0
41,Zarzamorapieza,39.9,Hinojopieza,8.5,Leche Uht Siluette Plus Deslactosada 960 Ml,24.0,Pollo Entero Kg,46.0,Chiles Serranos La Costeña Toreados 220G,16.9
42,Uva Verde 1Kg,69.0,Col Chinapieza,61.3,Leche Uht Lala Entera 1.5 L,28.7,Pierna De Pollo Con Muslo Corte Americano Por Kg,34.0,Zanahorias En Escabeche Del Monte 390G,16.0
43,Uva Roja Sin Semilla Por Kg,59.0,Col Morada Por Kg,39.0,Leche Uht Lala 100 Deslactosada 1L,26.5,Bistec Pulpa Negra Res Por Kg,179.0,Chiles Jalapeños Rojos La Costeña Toreados En Rodajas 220G,15.0
44,Uva Globoemperador Por Kg,69.0,Flor De Calabazapor Kg,102.0,Leche Fresca Lala Entera 1L,20.5,Pulpa De Cerdo Kg,88.0,Jalapeños Hab Tun Escabeche Fsc 238Gr,20.5
45,Fresa Pieza,59.9,Verdolaga Por Kg,24.5,Leche Fresca Lala Entera 1.80L,33.5,Bistec De Res Kg,159.0,Chiles Jalapeños La Costeña Enteros 780G,26.9
46,Arándano Natural Fresco Clamshell 200 G,49.9,Col Bruselas Por Kg,60.0,Leche Lala 100 Deslactosada 1L,25.6,Costilla De Cerdo Kg,122.0,Jalapeños San Marcos Enteros 380G,11.5
47,Frambuesa Domo 170G,42.9,Raíz De Azafrán Por Kg,39.3,Leche Fresca Lala Entera 1L,20.5,Chambarete Con Hueso De Res Kg,124.0,Chiles Jalapeños La Costeña Enteros 240G,16.35
48,Sandia Personal Kg,20.5,Jengibrepor Kg,119.0,Leche Fresca Lala Entera 1 Galón,67.0,Pechuga De Pollo Con Hueso Light  Por Kg,114.0,Jalapeños San Marcos Enteros 780G,23.5
49,Plátano Macho Por Kg,29.9,Colinabo Rollo,19.33,Leche Lala Orgánica Pasteurizada 1L,27.0,Huevo San Juan Blanco 18 Piezas,43.5,Jalapeño La Morena 800G,28.0
50,Plátano Dominico Por Kg,35.0,Poro Pieza,19.8,Leche Lala 100 Fresca Sin Lactosa Light 1L,26.2,Arrachera Sukarne De Res 600G,162.0,Chiles Jalapeños La Costeña Enteros 340G,14.9
51,Coco Por Pieza,19.0,Rábano Cambray Pieza,10.6,Leche Lala 100 Semidescremada 330Ml,12.2,Huevo Bachoco Blanco 18 Piezas,45.0,Jalapeño La Morena 380G,14.9
52,Guayaba Por Kg,36.9,Hoja Santa Rollo,12.0,Leche Lala 100 Fresca Semidescremada 1L,27.5,Chuleta De Cerdo Natural Kg,90.0,Jalapeños La Morena 265G,11.5
53,Sandia Blanca Rayadapor Kg,13.9,Huazontle Rollo,19.0,Leche Fresca Lala Deslactosada 2% 1.80L,33.5,Molida Mixta Res Con Cerdo Por Kg,134.0,Chiles Clemente Jacques Jalapeños Enteros 380G,10.0
54,Melón Chino Por Kg,21.9,Manzanilla Rollo,11.6,Leche Fresca Lala Deslactosada Semi 1.80 L,36.9,Pechuga De Pollo Con Hueso Anatómico Fresco Por Kg,90.0,Jalapeños San Marcos Enteros 255G,8.5
55,Papaya Maradolpor Kg,22.9,Hierbas De Olorpieza,12.3,Leche Fresca Lala Deslactosada Semi 1L,22.2,Huevos Blancos Tehuacan 30 Piezas,63.0,Chiles Clemente Jacques Chipotles Dulces Gourmet 220G,25.9
56,Piña Gota Mielpor Kg,19.9,Hierba Buena Rollo,7.9,Leche Fresca Lala Light Baja Grasa 1.80L,33.5,Pierna De Cerdo Congelada Sin Hueso Por Kg,66.0,Chipotles Adobo La Morena  380G,33.0
57,Melón Amarillopor Kg,19.0,Berros Rollo,15.0,Leche Lala 100 Fresca Light 1L,27.5,Codillo Chamorro De Cerdo Por Kg,62.0,Chipotles San Marcos En Escabeche 215G,17.5
58,Mango Ataulfopor Kg,42.9,Espinacas Rollo,7.8,Leche Fresca Lala Light Baja En Grasa 1L,19.0,Carne Molida De Pierna De Cerdo Por Kg,94.0,Chiles Clemente Jacques Chipotles 220G,14.7
59,Mango Manilapor Kg,39.9,Perejil Chino Rollo,13.0,Leche Lala 100 Fresca Sin Lactosa Semi 1L,26.2,Lomo De Cerdo Por Kg,109.0,Chiles Chipotles La Costeña Adobados 380G,36.9
60,Mango Paraíso Por Kg,36.9,Epazote Rollo,11.6,Leche Fresca Lala Light Baja Grasa 1 Galón,67.0,Clara Huevo Liquida Pasteurizada,44.5,Chiles Chipotles La Costeña Adobados 105G,9.9
61,Mango Oro Por Kg,26.9,Salvia Manojo,12.5,Leche Fresca Lala Light Baja En Grasa 1L,20.5,Filete Basa Blanco Por Kg,84.9,Chiles Chipotles La Costeña Adobados Picados 220G,22.5
62,Kiwi Chumis Verde Bolsa 450 G,47.9,Cilantro Rollo,6.4,Leche Uht Lala Semidescremada 1L,20.3,Huevo Bachoco Blanco 12 Piezas,31.5,Chipotles San Marcos Adobados Enteros 255G,19.5
63,Ponche De Frutas 200 Gr Frutezanas,21.5,Albahaca Rollo,16.0,Leche Uht Lala Light 1 L,20.35,Huevos Blancos Tehuacan 18 Piezas,40.0,Chipotles Adobo La Morena 265G,23.35
64,Carambola Granel Kg,51.0,Hoja De Plátano Pieza,19.9,Leche Uht Lala Entera 1L,19.65,Cecina Especial Pulpa Negra De Res Kg,204.0,Chipotles San Marcos Adobados Enteros 380G,24.5
65,Calabaza Martinez And Sons Baby Italian 340G,64.9,Col Blanca Por Kg,14.9,Leche Uht Lala Semidescremada 6  Pack De 1 L,114.0,Retazo Con Hueso Para Caldo De Res Por Kg,89.0,Chiles Chilpotles Del Monte Adobados 205G,18.7
66,Calabaza Martinez And Sons Baby Estrella Amarilla 340G,64.9,Ejote Por Kg,49.9,Leche Uht Lala Entera 6 Pack De 1 L,114.0,Arrachera Ligera Sukarne De Res 600G,162.0,Chipotles San Marcos Molidos 215G,17.5
67,Calabaza Martinez And Sons Baby Estrella Verde 340G,34.9,Chícharo Por Kg,59.4,Producto Lácteo Uht Más Entera 3 Piezas,39.55,Filete Basa Rojo Por Kg,79.9,Chipotle San Marcos Escabeche  380G,37.5
68,Zanahoria Martinez And Sons Baby Mixta 340G,64.9,Chayote Sin Espinas Por Kg,29.5,Producto Lácteo Marsella Deslactosada 1L,15.7,Carne Deshebrada Sukarne De Res 300G,105.0,Chiles Carey Rajas Verdes De Jalapeño En Escabeche 380G,12.9
69,Betabel Martinez And Sons Baby Mixto 454G,64.9,Betabel Por Kg,21.9,Alimento Lácteo Chairel Uht 1L,11.7,Huevo Crio Blanco Emplayado 30 Piezas,69.9,Chiles Carey Rajas Verdes De Jalapeño En Escabeche 800G,25.9
70,Betabel Martinez And Sons Baby Rojo Pelado 340G,64.9,Brócoli Por Kg,29.9,Formula Láctea Marsella Ultrapasteurizada 1L,13.1,Huevo San Juan Blanco 12 Piezas,29.5,Chiles Carey Rajas Verdes De Jalapeño En Escabeche 215G,8.0
