Unnamed: 0,Carnes HBE,Precio Carnes HBE,Carnes Soriana,Precio Carnes Soriana,Carnes Chedraui,Precio Carnes Chedraui,Carnes LaComer,Precio Carnes LaComer
,Molida Pulpa Negra De Res 500 Gr,112.0,Hamburguesa Res Fina Sukarne 720 Gr Pz,56.9,Pierna De Cerdo Fresca Con Hueso Por Kg,75.9,Chuleta Ahumada Cerdo Selecto,92.4
,Molida London Broil De Res 500 Gr,123.0,Diezmillo De Res S/Hueso Rdfs Kg,74.9,Chuleta De Cerdo Ahumada Kg,75.9,Molida Cerdo Selecto,111.0
,Molida Pulpa Fina De Res 300 Gr,62.0,Costilla De Res P/Asar Rdfs Kg,89.9,Bistec Pulpa Blanca De Res Kg,139.0,Pulpa De Pierna Cerdo Selecto,115.7
,Molida Sirloin De Res 300 Gr,64.0,Flecha De Res P/Asar Rdfs Kg,89.9,Medallón De Pechuga De Pollo The Farm Food Kg,109.0,Costilla Cerdo Selecto,118.5
,Pechuga De Pollo S/H 1 Kg,144.0,Higado De Res Rebanado Sukarne 500 Gr,29.9,Mariscada De Neptuno 500G,149.0,Lomo Cerdo Supremo,121.4
,Milanesa Natural De Pollo Paq.De.550Gr 550 Gr,89.5,Filete De Res Rdfs Kg,19.0,T-Bone Res Sonora Rancho El 17 Por Kg,339.0,Chuleta Cerdo Selecto,104.61
,Milanesa De Pulpa Negra 1 Kg,226.0,Molida Res Pulpa Negra 95/5 Rancho Don Francisco,94.9,Tira De Res Diezmillo Asado Sonora Rancho Por Kg,284.0,Milanesa De Pierna Cerdo Selecto,115.0
,Filete De Mojarra De Granja Prev. Cong. 1 Kg,110.0,Menudo De Res Panza Rancho Santa Fe Kg,74.9,Bistec De Res Sonora Rancho El 17 Por Kg,229.0,Milanesa De Lomo Cerdo Selecto,139.8
,Pierna Y Muslo De Pollo Iqf 1 Kg,27.0,Molida De Pulpa Negra London Broil Rancho Don Francisco Selecta Kg,39.0,Camarón Cocido Pacotilla Premium 450G,199.0,Codillo Cerdo Selecto,64.0
,Pechuga De Pollo Deshuesada 1 Kg,143.0,Pulpa Negra Trozo Rancho Don Francisco Selecta,94.9,Filete De Pescado Tilapia 600G,129.0,Espinazo Cerdo Selecto,131.9
,Molida Clásica De Res 1 Kg,153.0,Albondiga Practiryc 480 Gr,82.9,Filete De Pescado Basa Neptuno 600G,129.0,Lomo Ahumado Cerdo Selecto,122.86
,Muslo De Pollo Paq.Reg. 1 Kg,68.9,New York De Res Rdfs Kg,14.0,Filete De Salmón Neptuno 140G,99.9,Bistec De Pierna Cerdo Selecto,113.8
,Fajita De Pollo 1 Kg,144.0,Milanesa De Res Pulpa Negra Rancho Don Francisco Selecta Kg,89.9,Filete De Pescado Marinado En Salsa De Cilantro 600G,147.0,Carrillera Baby Back Cerdo Selecto,134.0
,Alco Milanesa Corazon 170 Gr. 170 Gr,31.0,T Bone De Res Rdfs Kg,99.0,Filete Empanizado Neptuno 600G,129.0,Manitas Cerdo Selecto,62.2
,Pierna Con Muslo De Pollo Corte Americano Fres 1 Kg,27.0,Molida 90/10 De Res Rancho Don Francisco Selecta Kg,49.9,Surimi En Barritas Neptuno 500G,79.0,Cabeza De Lomo Sin Hueso Cerdo Selecto,107.0
,Pechuga De Pollo C/H S/Piel Empacada 1 Kg,145.0,Brisket De Res S/Hueso Rdfs Kg,49.0,Filete Preformado Manitas Por Kg,99.9,Cabeza De Lomo Cerdo Selecto,108.8
,Pechuga Entera C/H De Pollo Bolsa 1 Kg,109.0,Pulpa Trozo P. Bola De Res Rancho Don Francisco Selecta Kg,49.9,Filete Empanizado Grande Por Kg,205.0,Hueso Pozolero Cerdo Selecto,40.4
,Pierna De Cerdo C/H Rebanada 1 Kg,82.0,Hueso De Res Tuetanero Rancho Santa Fe Kg,79.9,Pescadin Por Kg,99.9,Lomo Mexicano Cerdo Selecto,122.54
,Muslo S/Rs/Piel Empacado 1 Kg,83.0,Bisteck Estrella De Res Rdfs Kg,8.9,Estrellita De Pescado Por Kg,99.9,New York Cerdo Supremo,152.0
,Molida De Res 95/5 400 Gr,73.0,Carne De Res P/Asar Rdfs Kg,54.9,Rib Eye Res Sonora Rancho El 17 Por Kg,579.0,Milanesa De Pechuga Pollo Selecto,135.0
,Filete De Mojarra Natural 1 Kg,153.0,Sirloin De Res C/H Rdfs Kg,49.0,Sirloin Res Sonora Rancho El 17 Por Kg,309.0,Pechuga Con Hueso Sin Piel Pollo Selecto,103.96
,Chuleta Ahumada Paq. Fam 1 Kg,93.0,Res Deshebrada Practiryc 280 Gr,98.9,New York Res Sonora Rancho El 17Por Kg,524.0,Muslo Sin Piel Pollo Selecto,69.0
,Pechuga C/H De Pollo 1 Kg,109.0,Carne Para Jugo De Pulpa Negra Rancho Don Francisco Selecta Kg,94.9,Filete De Pescado Marinados En Salsa De Mezquite 600G,147.0,Pechuga S/H Cong Pollo Selecto,106.0
,Aguja Norteña C/H De Res 1 Kg,215.0,Carne Trocitos De Res Rancho Don Francisco Selecta Kg,49.0,New York Choice Res Por Kg,499.0,Pechuga Con Hueso Americano Pollo Selecto,68.5
,Milanesa De Pollo Premium 500 Gr,103.0,Milanesa De Cerdo Fresca 1 Kilo,94.9,Rib Eye Choice Res Kg,679.0,Filete De Pechuga Pollo Selecto,114.0
,Carne De Res Sin Hueso P/Cocido 1 Kg,174.0,Chuleta Mixta De Lomo De Cerdo 1 Kg,69.9,Huevo San Juan Blanco 30 Piezas,67.0,Canal Entera Pollo Selecto 1 Kg Pollo Selecto,39.9
,Costilla Norteña S/H De Res 1 Kg,195.0,Tortita De Papa 1 Kilo,64.9,Molida De Res Por Kg,95.0,Pierna Sin Piel Pollo Selecto,69.6
,Filete Tilapia Granja Grande 1 Kg,153.0,Lomo De Cerdo Ahumado 1 Kg,14.0,Milanesa De Pollo Kg,154.0,Muslo Pollo Selecto,62.0
,Heb Fajitas De Pechuga De Pollo Bolsa De 1 Kg,135.0,Cabeza Cerdo Kg,38.9,Pechuga De Pollo Sin Hueso Por Kg,129.0,Pierna Con Muslo Americano Pollo Selecto,35.3
,Milanesa Marinada D/Pollo Paq.De 550 Gr,89.5,Costilla Cerdo Huesitos Congelada 1 Kilo,79.9,Filete De Salmón Pacifico Por Kg,349.0,Pechuga Sin Hueso Pollo Selecto,126.4
,Brisket De Res 1 Kg,205.0,Pierna Cerdo S/Hueso Fresca Kg,89.9,Huevo Bachoco Blanco 30 Piezas,70.0,Molida De Pechuga Pollo Selecto,130.0
,Deshebrada De Pulpa Negra 1 Kg,215.0,Don Francisco Selecta Hueso De Cerdo Para Pozole 1 Kg,29.9,Molida Selecta De Res Kg,146.0,Pechuga Anatomic Pollo Selecto,97.6
,Bistec S/H Para Asar De Res Supreme 1 Kg,164.0,Chuleta De Cerdo Fresca 1 Kg,94.9,Filete De Tilapia Por Kg,114.0,Pierna Con Muslo Sin Piel Pollo Selecto,69.4
,Milanesa De Pollo Congelada Bolsa 750 Gr,123.0,Lomo Cerdo Natural Kg,9.0,Pechuga De Pollo Congelada Sin Hueso Por Kg,79.9,Pierna Con Muslo Pollo Selecto,62.0
,Molida De Res 90/10 400 Gr,65.0,Pulpa Trocitos/ Espaldilla De Cerdo 1 Kg,84.9,Molida Fina De Res 95/5 Kg,172.0,Milanesa De Pechuga Congelada Pollo Selecto,121.0
,Molida Pulpa De Res 1 Kg,195.0,Costilla De Cerdo Cargada Fresca 1 Kg,19.0,Milanesa Pulpa Negra De Res Kg,189.0,Pierna Pollo Selecto,62.0
,Filete De Mojarra Granja En Bolsa 900 Gr,107.0,Espinazo De Cerdo 1 Kg,39.9,Milanesa Bola De Res Kg,184.0,Alas Pollo Selecto,68.4
,Molida De Cerdo 1 Kg,93.0,Manitas Cerdo Kg,59.9,Milanesa De Cerdo Kg,96.0,Rabadilla Pollo Selecto,10.9
,Milanesa De Pulpa Blanca 1 Kg,205.0,Pierna De Cerdo C/Hue Cong Sta Fe 1 Kg,59.9,Huevos Blancos Chedraui 30 Piezas,62.5,Menudencias Pollo Selecto,15.9
,Molida De Res 80 / 20 400 Gr,52.0,Kacer Chicharron Prensado 1 Kg,52.0,Pechuga Corte Americano De Pollo Kg,70.0,Molida Sirloin 95/5 Res Selecta,200.0
,Lomos De Salmon Prev. Cong. 1 Kg,380.0,Codillo/Chamorro Cerdo Kg,59.9,Huevo Blanco El Calvario 30 Piezas,67.0,Milanesa De Bola Res Selecta,187.0
,Cortadillo De Sirloin P/Guisar 1 Kg,195.0,Costilla Cerdo Especial Kg,59.9,Pollo Entero Kg,46.0,Milanesa De Centro Res Selecta,196.0
,Carbon Mezquite De 3 Kg,66.0,Chuleta Lomo Cerdo Ahumada Kg,96.9,Pierna De Pollo Con Muslo Corte Americano Por Kg,34.0,Bistec Para Asar Res Selecta,169.3
,Carne De Res Deshebrada 300 Gr,108.0,Costilla Cerdo Baby Back Kg,59.0,Bistec Pulpa Negra Res Por Kg,179.0,Deshebrada Res Selecta,159.9
,Milanesa De Pulpa Bola 1 Kg,215.0,Cuero Cerdo Kg,46.9,Pulpa De Cerdo Kg,88.0,Molida Selecta 80/20 Res Selecta,159.9
,Pierna Bate Blanca 1 Kg,72.0,Pulpa Trozo /Espaldilla De Cerdo 1 Kg,84.9,Bistec De Res Kg,159.0,Fajita De Centro Res Selecta,198.0
,Arrachera De Res Marinada 600 Gr,164.0,Chuleta Adobada Rebanada 1 Kg,69.9,Costilla De Cerdo Kg,122.0,Chambarete Sin Hueso Res Selecta,155.0
,Top Sirloin 1 Kg,205.0,Milanesa Lomo Cerdo Empanizada,59.9,Chambarete Con Hueso De Res Kg,124.0,Bistec De Diezmillo Res Selecta,170.4
,Milanesa De Pechuga Aplanada Charola 1 Kg,165.0,Pierna De  Pollo C/Muslo 1 Pz Kg,19.9,Pechuga De Pollo Con Hueso Light  Por Kg,114.0,Chambarete Con Hueso Res Selecta,104.9
,Pierna Bate S/Piel Empacado 1 Kg,83.0,Pollo Entero C/V Bachoco Kg,41.0,Huevo San Juan Blanco 18 Piezas,43.5,Bistec De Aguayon Res Selecta,198.0
,Milanesa De Sirloin De Res 1 Kg,215.0,Muslo D/Pollo S/Rabad Pilgrim S  Char Kg,71.0,Arrachera Sukarne De Res 600G,162.0,Carne Para Asar Res Selecta,175.0
,Carne De Cerdo Tipo Trompo 500 Gr,62.0,Pierna C/Muslo C/Rab Cong,19.9,Huevo Bachoco Blanco 18 Piezas,45.0,Tampiqueña De Filete Res Selecta,459.0
,Sirloin C/H Para Asar 1 Kg,184.0,Pie Bat D/Pollo Pilgrim S Pride Char Kg,73.9,Chuleta De Cerdo Natural Kg,90.0,Molida Mixta Res Mixto,125.0
,Milanesa De Pulpa Negra Junior 1 Kg,246.0,Pollo Entero C/V Pilgrim S Pride Kg,42.9,Molida Mixta Res Con Cerdo Por Kg,134.0,Medallon De Filete Res Selecta,459.0
,Aguja Norteña C/H De Res 1 Kg,195.0,Pollo Entero S/V Congelado 1 Pz Kg,41.9,Pechuga De Pollo Con Hueso Anatómico Fresco Por Kg,90.0,Milanesa De Contra Res Selecta,176.6
,Fajita De Pechuga Natural 500 Gr,82.0,Pechuga De Pollo C/Hueso Bachoco Char Kg,97.5,Huevos Blancos Tehuacan 30 Piezas,63.0,Bistec Ranchero Res Selecta,176.6
,Barrita Surimi Prev. Congelado 500 Gr,74.0,Milanesa De Pollo Bachoco Char,48.9,Pierna De Cerdo Congelada Sin Hueso Por Kg,66.0,Pulpa Para Estofado Res Selecta,171.0
,Chicharron Casero 70 Grs.,16.0,Pechuga De Pollo Sin Piel 1 Pz Kg,19.9,Codillo Chamorro De Cerdo Por Kg,62.0,Rib Eye Res Selecta,335.0
,Filete De Bacalao Desmigado S/Piel Bolsa 454 Gr,153.0,Pechuga C/Hueso S/Rabadilla Fresca Kg,99.9,Carne Molida De Pierna De Cerdo Por Kg,94.0,Pulpa Fina Res Selecta,171.0
,Salmon Ahumado Rebanado 113 Gr,117.0,Milanesa De Pollo Natural Alco Char,86.5,Lomo De Cerdo Por Kg,109.0,Molida Ternera Selecta,261.0
